TITLE,TEXT,LABEL
  Trump-endorsed Paxton topples Cornyn in Texas Senate race,Paxton will face Democratic state Representative James Talarico in a high-profile race that could help decide control of the Senate and may become one of the most expensive in U.S. history.,1
Iran says new US strikes violate ceasefire,"Marco Rubio said it could take ""a few days"" to negotiate a deal to halt the conflict, after both sides had previously indicated progress on an initial agreement that would end hostilities and restart shipping.",1
Pentagon spars with SpaceX over Starlink price hike during Iran war,"As U.S. kamikaze drones guided by Elon Musk’s Starlink network began to make visible gains in the war against Iran, senior SpaceX officials reached a conclusion: The Pentagon should be paying more for access to their satellite Wi-Fi network.",1
Bengaluru secure final berth after win over Gujarat in IPL,Captain Rajat Patidar's unbeaten 93 moved the defending champions closer to a ‌second title.,1
Zee Entertainment in talks with FIFA on World Cup broadcast rights in India,"India's Zee Entertainment is in talks with FIFA to stream ​and broadcast the 2026 World Cup in ‌the country, the company said in a statement on Tuesday.",1
Ukraine using AI drones to strike vital convoys supplying Russian troops,"The Ukrainian military is stepping up its campaign to destroy vehicles supplying Russian forces along crucial roads in occupied Ukraine using new AI drone technology, experts say.",1
Steph Curry signs with Chinese brand after Under Armour split,Chinese firms have been vying to secure deals with big stars as they push to become global brands.,1
"Government notifies changes in Immigration and Foreigners Rules, 2025","The new provision will replace the previous rule that required the registration ""within fourteen days after the expiry of one hundred and eighty days of arrival in India.""",1
"Israeli fire kills three people in Gaza, medics say","Israeli fire killed at least three Palestinians in separate incidents across the Gaza Strip ​on Tuesday, Gaza health officials said.",1
Iran eyes limited US deal to relieve economic strain and buy time," Iran is pushing for a limited interim agreement with the United States in a bid to ease mounting economic pressure and stabilise the situation ​at home, while avoiding major concessions on its nuclear programme, according to sources and analysts.",1
"Amazon moves Prime Day back to June, keeps it a four-day event  ","Amazon will host its annual Prime Day sales event from June 23 to June 26 after launching the event in July for the past five years, citing ​major holidays and sporting events as factors in its decision.",1
Massive Russian attack on cities across Ukraine kills at least 18 people,"An eight-year-old boy and a woman pulled from the rubble of an apartment block were among 12 people killed in Dnipro, regional officials said. In the capital Kyiv, six people were killed",1
Two possible Ebola cases in Brazil ruled out as patients test negative,The two patients had recently returned from the DR Congo and Uganda respectively.,1
How 'confused' AI rollout hurts firms and baffles staff,"A traditional machine learning model would have been much more appropriate, he argued, producing consistent, repeatable results. And it would have been much cheaper.",1
'Mornings and nights no longer exist' at 47C: A day in the hottest place in India,"In May, this dusty district in India's Uttar Pradesh state spent days at the top of an unenviable national ranking: the hottest place in the country. Temperatures hovered at 47-48C (116-118F) for more than a week, an extraordinary run even by local standards.",1
Why Myanmar president's India visit is being closely watched,"This is his first visit abroad since becoming president earlier this year, and it is being closely watched as a sign of how regional powers intend to engage with Myanmar's military-backed leadership following a widely criticised election and five years of civil war triggered by a coup in 2021.",1
Australian ex-minister launches crowd-funded inquiry into Aukus submarine deal,Inquiry will look at whether Australia will receive the submarines and whether it will make the country safer.,1
Nvidia announces new AI chip for personal computers,"The technology giant's boss Jensen Huang called the move the ""reinvention of the computer"".",1
 Messi to represent Argentina at sixth World Cup,"The forward, who will turn 39 during the tournament, was named in Lionel Scaloni's 26-man squad on Thursday after leading his country to a third World Cup triumph in Qatar four years ago with a penalty shootout victory over France.",1
Hantavirus: Confirmed cases by nationality,"Among living patients, seven cases have been confirmed and an eighth is listed as “probable”, according to the WHO, the UN health body and certain national health authorities",1
"West Asia war LIVE: Iran has not yet sent its response to the U.S. in talks, says report","U.S. President Donald Trump said Israel and Hezbollah had agreed to stop fighting, adding that Iran talks were moving rapidly after seeming to falter over Israel’s Lebanon offensive",1
"Five new Supreme Court judges sworn in, strength increases to 37","The appointments come shortly after the Union government increased the court’s sanctioned strength from 33 to 37 judges, excluding the CJI; the latest round of elevations is also expected to balance regional representation and enhance gender diversity on the Bench",1
Cockroach Janta Party now transitioning into a movement: Abhijeet Dipke,"Mr. Dipke said he would return to India on June 6 and seek permission for a protest at Jantar Mantar, the CJP’s first major planned public mobilisation",1
"Donald Trump's daughter visits Jaisalmer, security heightened",The couple reached Jaisalmer Civil Airport from Delhi on a special aircraft amid tight security arrangements,1
" Two Indian nationals onboard hantavirus-hit ship asymptomatic, under observation: Health Ministry ","Eight probable cases of hantavirus infection have been reported onboard the vessel. According to WHO, the virus involved is the Andes strain of hantavirus, which is known to have limited capability of human-to-human transmission Three deaths have also been reported",1
Stock markets decline in early trade as U.S.–Iran talks face repeated setbacks,"The 30-share BSE Sensex declined 296.19 points to 73,971.30 in early deals. The 50-share NSE Nifty dropped 103.30 points to 23,272.25",1
Nabi roped in as net bowler ahead of Afghanistan Test,Auqib Nabi has joined the Indian team in New Chandigarh as a net bowler to assist Shubman Gill & Co. in their preparations for the one-off Test against Afghanistan beginning on Saturday.,1
IPL 2026 Final | Royal Challengers retain title with a regal display,Kohli takes the Bengaluru side home with an unbeaten 75; the bowlers restrict Titans to 155 for eight after Patidar asks them to take first strike; Washington wages a lone battle for Gill’s men,1
Supreme Court says NEET paper leak traumatised entire families; points to ‘ad-hocism’ in NTA,The NTA filed an affidavit in the apex court over the corrective steps taken following NEET-UG paper leak and said the decision to cancel the examination was taken in the interest of students,1
West Asia war highlights: Trump says Netanyahu agreed not to send troops to Beirut,"Likewise, through highly placed Representatives, I had a very good call with Hezbollah, and they agreed that all shooting will stop ",1
"PM Modi urges citizens to cut fuel use, avoid foreign travel","Mr. Modi suggests reviving some of the practices adopted during the COVID-19 pandemic, including work from home arrangements, online conferences and virtual meetings.",1
"21 killed, over 40 injured in massive fire at south Delhi hotel","The majority of the deceased are reported to be foreign nationals, according to police; more than 40 people rescued from the fire",1
Murder of student in Ghaziabad: Main accused killed following encounter with police,"Asad, a resident of the Khoda area, was wanted in connection with the stabbing of Surya Chauhan, who succumbed to his injuries while undergoing treatment and was later pronounced dead",1
"‘Khan Sir’ coaching institute in Patna vandalised, pelted with stones; 3 arrested","Faisal Khan also claimed that firing took place at the institution. The police, however, denied the claim",1
Para-athlete held for shooting dead national-level para-athlete Chirag Tyagi in Ghaziabad,"During the investigation, police detained one Yash Khatik, who is also a para-athlete and had previously trained with Tyagi",1
Twisha Sharma death case: CBI recreates crime scene using dummies,CBI’s investigation intensifies as alleged dowry harassment case draws public outcry and demands for justice following the tragic death of 33-year-old Twisha Sharma,1
Arrangements in place for relaunch of Amaravati works by Prime Minister Modi on May 2,"A Ministers’ delegation reviews the progress of preparations with officials; food, drinking water and other facilities will be provided to those attending the programme, says Payyavula Keshav",1
West Asia war LIVE: Kuwait airport reportedly attacked by Iran drones and missiles,"Kuwait's international airport has reportedly been struck by Iranian drone and missile attacks, causing injuries and forcing authorities to divert flights",1
Microsoft teases new era of AI-driven devices at annual developer conference,"SAN FRANCISCO, June 2 (Reuters) - Microsoft (MSFT.O), opens new tab on Tuesday announced a sweeping slate of AI initiatives, from autonomous ​workplace assistants and gadgets to Nvidia-powered PCs and a new in-house reasoning model, in a push to move beyond apps and remake computing around AI.",1
Indian national killed in attack on Kuwait airport,the Embassy of India in Kuwait expressed its “deepest condolences at the tragic demise of an Indian national due to an attack on the airport in Kuwait today”,1
India-U.S. trade deal will be signed ‘over the next few weeks and months’,"“Our current interim trade agreement is on the table for us to finalise, and that will unlock prosperity for both of our countries,” says the U.S. Ambassador to India",1
Venezuela’s Acting President Delcy Rodriguez to visit India,"Ms. Rodriguez will pay a visit to India from June 3 to 7 and she will be accompanied by Ministers of Foreign Affairs, Economy and Finance, Science and Technology, Communication and Information and Transportation",1
Tamil Nadu CM Vijay fails to uphold constitutional morality,"The DMK could wait six months before offering a broader assessment of Vijay’s government, but that did not mean it would refrain from commenting on day-to-day governance, says party deputy general secretary",1
"Will continue to fight BJP till they are defeated, says Mamata","Amidst talk of defection from the Trinamool Congress, Mamata Banerjee challenged her detractors who sought to create a ‘new Trinamool’",1
"BSF, BGB to hold Director General-level talks next week",First such meeting following formation of new government under Bangladesh Nationalist Party in neighbouring country and after BJP came to power in West Bengal for first time.,1
Oil prices fall amid Trump’s talks with Iran,"Brent crude futures lost 75 cents, or 0.79%, to $94.23 a barrel, while U.S. West Texas Intermediate fell 85 ‌cents, or 0.92%, to $91.31 a barrel",1
Rupee falls 28 paise to 95.64 against U.S. dollar in early trade,"Forex traders said the U.S. Trade Representative’s action, amid fresh hostilities and stalled talks between the U.S. and Iran, weighed on investor sentiment",1
A neuroscientist's guide to future-proofing your brain and thinking smarter in the 21st Century," The 21st Century Brain, scientist Hannah Critchlow explores the overlooked skills that will be necessary to flourish in the age of AI – and how we can cultivate them.",1
Senior Open to return to Royal Porthcawl in 2027,"The only senior major played in Europe will take place on the south Wales links for the fourth time after previous editions in 2014, 2017 and 2023.",1
Bradford teenagers 'skipping breakfast too often',"Teenagers in Bradford are drinking too many energy drinks and skipping breakfast too often, according to experts studying youth health in the city",1
